Player,Age,Team,Pos,MIN,Usage Rank,Usage,PSA Rank,PSA,AST% Rank,AST%,AST:Usg Rank,AST:Usg,TOV% Rank,TOV%
Precious Achiuwa,22.1,TOR,Big,452,56,17.2%,4,84.3,48,9.0%,38,0.52,76,10.1%
Steven Adams,28.3,MEM,Big,485,37,14.4%,28,108.3,80,14.4%,94,1.00,17,18.0%
Bam Adebayo,24.3,MIA,Big,555,93,24.5%,47,115.1,85,15.8%,60,0.64,37,14.8%
LaMarcus Aldridge,36.3,BKN,Big,417,78,19.9%,75,126.4,21,6.0%,9,0.30,93,7.0%
Nickeil Alexander-Walker,23.2,NOP,Combo,628,73,23.4%,20,94.1,29,13.8%,20,0.59,90,8.5%
Grayson Allen,26.1,MIL,Wing,595,44,15.5%,90,126.1,27,6.9%,20,0.44,93,6.1%
Jarrett Allen,23.5,CLE,Big,558,43,15.3%,94,139.2,47,8.9%,44,0.58,25,16.8%
Kyle Anderson,28.1,MEM,Forward,433,63,17.8%,33,101.3,84,16.7%,95,0.94,59,10.0%
Giannis Antetokounmpo,26.9,MIL,Big,643,100,36.0%,59,118.7,98,30.7%,84,0.85,71,11.4%
Thanasis Antetokounmpo,29.3,MIL,Big,189,30,13.9%,14,100.0,51,9.4%,64,0.68,69,11.7%
Carmelo Anthony,37.4,LAL,Big,635,58,17.3%,61,118.8,15,4.4%,6,0.25,94,6.8%
Cole Anthony,21.5,ORL,Point,537,66,27.8%,66,111.2,59,28.0%,34,1.00,49,13.3%
OG Anunoby,24.3,TOR,Forward,557,86,22.9%,48,105.7,66,11.5%,31,0.50,80,8.6%
D.J. Augustin,34.0,HOU,Point,207,15,16.5%,93,123.5,27,22.9%,80,1.38,0,24.5%
Deni Avdija,20.8,WAS,Forward,415,19,12.4%,53,106.4,28,7.1%,45,0.57,58,10.3%
Deandre Ayton,23.3,PHX,Big,413,50,16.9%,83,130.1,22,6.1%,16,0.36,40,14.7%
Marvin Bagley,22.6,SAC,Big,126,23,13.5%,43,113.9,29,6.8%,35,0.51,59,12.3%
LaMelo Ball,20.2,CHA,Point,722,80,30.2%,46,105.7,83,34.7%,63,1.15,59,12.7%
Lonzo Ball,24.0,CHI,Point,721,20,17.9%,63,110.6,7,18.2%,39,1.02,29,16.4%
Mohamed Bamba,23.5,ORL,Big,581,48,16.0%,21,105.1,56,10.0%,54,0.62,50,13.8%
Desmond Bane,23.4,MEM,Wing,572,70,19.6%,80,119.5,59,10.2%,44,0.52,55,10.6%
Dalano Banton,22.0,TOR,Combo,256,27,17.8%,76,115.4,34,14.0%,49,0.79,5,19.1%
Harrison Barnes,29.4,SAC,Forward,660,75,19.8%,94,126.6,61,10.1%,33,0.51,31,12.6%
Scottie Barnes,20.3,TOR,Forward,663,80,20.4%,55,106.8,77,13.9%,72,0.68,30,13.1%
RJ Barrett,21.4,NYK,Wing,644,80,21.6%,21,98.6,60,10.5%,34,0.49,54,10.6%
Will Barton,30.8,DEN,Wing,570,84,22.2%,57,111.7,94,19.9%,91,0.90,61,10.2%
Keita Bates-Diop,25.8,SAS,Forward,176,6,10.2%,9,88.9,0,2.1%,2,0.21,2,19.8%
Nicolas Batum,32.9,LAC,Forward,380,9,11.1%,98,138.4,44,8.0%,77,0.72,48,11.2%
Kent Bazemore,32.3,LAL,Wing,330,5,10.3%,12,88.8,9,5.1%,37,0.49,71,9.6%
Darius Bazley,21.4,OKC,Forward,539,58,17.5%,8,87.9,36,7.7%,20,0.44,34,12.4%
Bradley Beal,28.3,WAS,Wing,610,100,32.8%,35,106.3,99,28.7%,90,0.88,17,14.8%
Malik Beasley,24.9,MIN,Wing,485,54,17.1%,20,96.5,46,8.9%,43,0.52,98,5.6%
DeAndre' Bembry,27.3,BKN,Wing,328,13,12.0%,68,115.5,35,7.7%,62,0.64,59,10.4%
Davis Bertans,29.0,WAS,Forward,164,45,15.4%,6,86.4,13,5.0%,8,0.32,95,6.8%
Patrick Beverley,33.3,MIN,Combo,404,17,16.6%,71,113.2,88,24.1%,95,1.45,41,12.0%
Saddiq Bey,22.6,DET,Wing,642,74,20.3%,13,89.2,78,13.0%,63,0.64,74,9.2%
Khem Birch,29.1,TOR,Big,342,12,11.7%,38,110.6,41,8.1%,69,0.69,74,10.4%
Goga Bitadze,22.3,IND,Big,102,60,17.6%,6,90.2,10,4.2%,5,0.24,81,9.4%
Nemanja Bjelica,33.5,GSW,Big,274,73,19.4%,49,115.4,79,14.2%,76,0.73,19,17.8%
Eric Bledsoe,31.9,LAC,Point,560,22,19.5%,32,101.0,5,18.1%,15,0.93,17,17.4%
Bogdan Bogdanovic,29.2,ATL,Wing,562,50,16.9%,65,113.7,63,11.3%,67,0.67,79,8.4%
Bojan Bogdanovic,32.5,UTA,Forward,590,84,20.8%,88,123.3,53,9.3%,22,0.45,42,11.7%
Devin Booker,25.0,PHX,Wing,653,99,32.1%,62,113.5,95,22.1%,73,0.69,45,11.4%
Chris Boucher,28.8,TOR,Big,254,69,18.6%,10,93.8,2,2.5%,2,0.14,72,10.7%
Avery Bradley,30.9,LAL,Wing,460,4,10.0%,26,101.0,11,5.4%,48,0.54,60,10.4%
Tony Bradley,23.8,CHI,Big,208,14,11.8%,31,109.8,13,4.3%,18,0.37,12,19.8%
Mikal Bridges,25.2,PHX,Wing,668,17,12.1%,98,129.6,23,6.7%,49,0.56,87,7.6%
Miles Bridges,23.6,CHA,Big,794,87,22.2%,39,111.1,73,13.2%,47,0.59,82,9.3%
Oshae Brissett,23.4,IND,Big,105,33,14.1%,9,93.5,30,6.9%,31,0.49,21,17.4%
Malcolm Brogdon,28.9,IND,Combo,594,90,27.4%,88,116.1,93,26.7%,68,0.97,46,11.3%
Armoni Brooks,23.4,HOU,Wing,104,51,16.9%,89,125.5,10,5.3%,1,0.31,100,2.4%
Dillon Brooks,25.8,MEM,Wing,169,96,29.9%,46,109.2,84,14.0%,30,0.47,82,8.3%
Bruce Brown,25.2,BKN,Forward,391,23,12.7%,52,106.2,31,7.3%,47,0.58,44,11.5%
Jaylen Brown,25.0,BOS,Wing,392,93,27.1%,70,115.6,71,12.0%,21,0.44,37,12.0%
Sterling Brown,26.7,DAL,Forward,184,25,12.7%,5,80.4,38,7.8%,56,0.61,14,15.0%
Jalen Brunson,25.2,DAL,Combo,490,76,24.7%,83,115.9,95,27.7%,83,1.12,68,9.9%
Reggie Bullock,30.6,DAL,Forward,389,16,12.2%,16,93.5,8,4.5%,13,0.37,89,7.7%
Alec Burks,30.3,NYK,Wing,439,62,18.5%,83,120.6,79,13.3%,77,0.72,88,7.6%
Jimmy Butler,32.1,MIA,Forward,578,92,28.4%,86,122.7,98,27.6%,97,0.97,73,8.9%
Kentavious Caldwell-Pope,28.7,WAS,Wing,594,40,14.8%,66,114.4,26,6.9%,26,0.46,43,11.7%
Facundo Campazzo,30.6,DEN,Point,284,5,15.3%,95,125.7,10,18.4%,73,1.20,34,16.0%
Clint Capela,27.5,ATL,Big,621,29,13.9%,58,118.7,19,5.4%,20,0.39,98,6.1%
Jevon Carter,26.1,BKN,Wing,240,29,13.5%,4,82.0,77,12.8%,95,0.95,90,7.1%
Wendell Carter,22.5,ORL,Big,589,65,18.2%,68,121.8,77,13.9%,80,0.77,66,11.8%
Alex Caruso,27.7,CHI,Combo,579,7,14.5%,85,116.0,51,18.4%,93,1.26,22,14.2%
Willie Cauley-Stein,28.2,DAL,Big,170,6,10.4%,11,94.4,32,7.3%,71,0.70,23,17.1%
Brandon Clarke,25.1,MEM,Big,243,31,14.0%,81,128.9,72,12.9%,90,0.92,99,6.1%
Jordan Clarkson,29.4,UTA,Combo,482,93,27.9%,34,100.3,32,14.0%,5,0.50,85,8.6%
Amir Coffey,24.4,LAC,Forward,147,14,12.0%,47,105.6,33,7.5%,59,0.63,88,7.7%
John Collins,24.1,ATL,Big,672,54,17.0%,81,128.9,55,9.9%,41,0.58,88,8.4%
Mike Conley,34.1,UTA,Point,505,32,22.3%,98,130.3,56,27.9%,78,1.25,63,12.2%
Pat Connaughton,28.8,MIL,Wing,586,27,13.3%,99,130.8,24,6.8%,39,0.51,44,11.5%
Robert Covington,30.9,POR,Forward,534,5,9.9%,75,118.3,19,6.0%,53,0.60,17,14.8%
Torrey Craig,30.9,IND,Forward,367,36,13.8%,84,121.5,50,8.4%,55,0.61,38,12.1%
Jae Crowder,31.3,PHX,Forward,550,33,13.4%,42,104.3,23,6.5%,28,0.49,72,9.0%
Cade Cunningham,20.1,DET,Wing,450,91,26.9%,5,82.5,98,26.0%,96,0.96,6,17.8%
Seth Curry,31.2,PHI,Wing,608,56,18.1%,96,129.2,62,11.2%,59,0.62,27,12.9%
Stephen Curry,33.6,GSW,Point,643,90,32.3%,100,131.8,73,31.9%,27,0.99,54,12.9%
Anthony Davis,28.6,LAL,Big,749,95,25.8%,46,114.7,83,15.0%,43,0.58,81,9.5%
Terence Davis,24.5,SAC,Wing,170,83,22.0%,0,73.8,33,7.4%,5,0.34,76,8.9%
DeMar DeRozan,32.2,CHI,Forward,730,94,30.8%,77,118.5,91,19.7%,63,0.64,78,8.6%
Dewayne Dedmon,32.2,MIA,Big,272,27,13.6%,80,128.6,16,4.5%,12,0.33,10,20.1%
Hamidou Diallo,23.3,DET,Wing,172,52,17.0%,77,118.2,30,7.2%,17,0.42,63,10.1%
Gorgui Dieng,31.8,ATL,Big,129,36,14.3%,3,82.4,78,14.1%,94,0.99,15,18.4%
Spencer Dinwiddie,28.6,WAS,Point,502,54,25.6%,54,107.9,68,30.1%,68,1.18,95,10.0%
Luka Doncic,22.7,DAL,Point,520,100,40.3%,41,105.1,100,43.9%,54,1.09,46,13.6%
Luguentz Dort,22.5,OKC,Wing,593,78,20.9%,60,113.0,51,9.5%,23,0.46,57,10.4%
Ayo Dosunmu,21.8,CHI,Wing,288,32,14.1%,55,111.1,21,6.6%,27,0.46,22,13.7%
PJ Dozier,25.0,DEN,Forward,331,48,16.1%,14,93.1,73,13.3%,86,0.82,52,11.0%
Andre Drummond,28.2,PHI,Big,420,66,18.3%,12,96.9,76,13.7%,79,0.75,9,20.2%
Chris Duarte,24.4,IND,Wing,583,76,20.4%,29,102.4,55,9.9%,33,0.48,38,12.0%
Kevin Durant,33.1,BKN,Forward,671,95,31.2%,95,130.6,95,26.8%,89,0.86,36,12.3%
Anthony Edwards,20.2,MIN,Wing,710,94,27.5%,39,106.9,90,16.1%,55,0.59,20,13.9%
Wayne Ellington,33.9,LAL,Wing,257,11,10.9%,88,125.0,7,4.9%,22,0.45,83,7.9%
Joel Embiid,27.6,PHI,Big,323,99,34.1%,44,114.1,93,20.6%,49,0.61,54,13.0%
Drew Eubanks,24.7,SAS,Big,274,63,17.8%,62,119.1,82,14.9%,83,0.84,7,20.7%
Derrick Favors,30.3,OKC,Big,266,25,13.5%,17,101.1,7,3.9%,7,0.29,97,6.1%
Dorian Finney-Smith,28.5,DAL,Forward,555,17,12.2%,45,105.4,17,5.7%,23,0.47,50,11.2%
Bryn Forbes,28.3,SAS,Wing,226,63,18.6%,45,109.0,29,7.2%,11,0.39,13,15.9%
Evan Fournier,29.0,NYK,Wing,573,66,18.7%,54,111.0,54,9.7%,41,0.52,52,10.7%
De'Aaron Fox,23.9,SAC,Point,720,83,30.4%,29,101.0,41,25.2%,2,0.83,66,12.0%
Daniel Gafford,23.1,WAS,Big,350,35,14.2%,89,135.8,33,7.4%,37,0.52,33,15.4%
Danilo Gallinari,33.2,ATL,Big,357,46,15.7%,25,105.5,37,7.8%,32,0.50,96,6.2%
Darius Garland,21.8,CLE,Point,618,71,28.5%,68,111.3,76,32.8%,66,1.15,27,16.5%
Rudy Gay,35.2,UTA,Forward,108,61,17.7%,100,155.0,63,11.3%,61,0.64,22,14.0%
Paul George,31.5,LAC,Forward,704,100,35.7%,61,108.6,97,27.2%,80,0.76,20,14.3%
Taj Gibson,36.4,NYK,Big,200,3,8.9%,53,116.7,20,5.6%,55,0.63,3,22.5%
Josh Giddey,19.1,OKC,Wing,557,89,24.4%,15,93.2,100,31.2%,100,1.28,9,17.3%
Shai Gilgeous-Alexander,23.3,OKC,Point,592,73,29.2%,39,104.6,29,23.0%,0,0.79,85,10.7%
Rudy Gobert,29.3,UTA,Big,621,39,15.1%,97,144.3,9,4.1%,6,0.27,14,18.8%
Aaron Gordon,26.1,DEN,Forward,596,59,17.5%,80,120.0,58,9.7%,38,0.55,33,12.4%
Eric Gordon,32.9,HOU,Wing,465,72,19.7%,78,118.8,80,13.4%,71,0.68,16,15.3%
Devonte' Graham,26.7,NOP,Point,580,46,23.1%,37,104.3,22,22.3%,22,0.97,76,11.7%
Jerami Grant,27.6,DET,Forward,611,88,25.6%,58,107.3,80,14.7%,48,0.58,69,9.4%
Danny Green,34.4,PHI,Forward,300,22,12.6%,97,133.3,25,7.0%,39,0.55,9,15.6%
Draymond Green,31.7,GSW,Big,567,64,17.9%,56,118.3,99,33.0%,99,1.84,0,24.4%
JaMychal Green,31.4,DEN,Big,274,69,18.9%,14,100.0,54,9.7%,36,0.51,11,19.8%
Jalen Green,19.7,HOU,Combo,550,66,22.7%,29,99.6,27,13.1%,17,0.58,15,16.2%
Javonte Green,28.3,CHI,Forward,404,11,11.6%,72,114.9,6,4.4%,14,0.38,16,14.9%
Jeff Green,35.2,DEN,Big,438,51,16.9%,40,111.9,25,6.5%,19,0.38,78,9.9%
Blake Griffin,32.6,BKN,Big,368,40,15.1%,2,80.9,67,12.4%,81,0.82,92,7.1%
Tyrese Haliburton,21.7,SAC,Wing,611,57,18.2%,41,107.5,96,22.4%,99,1.24,33,12.5%
R.J. Hampton,20.7,ORL,Combo,357,54,21.1%,41,102.2,78,22.3%,76,1.06,12,16.6%
Tim Hardaway Jr.,29.6,DAL,Wing,589,67,19.2%,27,101.2,66,11.4%,56,0.60,99,3.6%
James Harden,32.2,BKN,Point,700,93,32.7%,90,119.3,93,39.6%,76,1.21,7,19.3%
Maurice Harkless,28.5,SAC,Forward,327,0,9.6%,22,95.7,3,3.5%,11,0.37,66,9.9%
Montrezl Harrell,27.8,WAS,Big,535,76,19.8%,96,140.0,68,12.5%,58,0.63,79,9.7%
Gary Harris,27.1,ORL,Wing,354,39,14.6%,9,85.4,67,11.4%,85,0.78,32,12.6%
Joe Harris,30.2,BKN,Wing,422,20,12.6%,91,127.4,4,4.7%,10,0.37,23,13.3%
Tobias Harris,29.3,PHI,Forward,407,89,26.7%,69,114.0,92,20.9%,83,0.78,70,9.3%
Josh Hart,26.7,NOP,Forward,530,53,16.7%,78,118.9,88,17.8%,98,1.07,47,11.4%
Isaiah Hartenstein,23.5,LAC,Big,253,45,15.7%,93,138.3,84,15.5%,93,0.99,21,17.4%
Jaxson Hayes,21.4,NOP,Big,201,52,17.0%,36,110.5,4,2.9%,3,0.17,46,14.0%
Killian Hayes,20.3,DET,Point,362,12,16.0%,12,86.3,24,22.5%,85,1.41,32,16.3%
Gordon Hayward,31.6,CHA,Wing,739,77,20.7%,67,114.7,87,14.7%,76,0.71,39,12.0%
Tyler Herro,21.8,MIA,Combo,591,98,28.8%,63,111.6,54,18.8%,24,0.65,27,12.8%
Buddy Hield,28.9,SAC,Wing,599,87,23.1%,48,109.3,70,11.8%,40,0.51,72,9.5%
George Hill,35.5,MIL,Combo,530,2,12.8%,68,113.1,22,12.6%,71,0.98,29,12.8%
Aaron Holiday,25.1,WAS,Combo,332,37,18.5%,24,96.3,41,16.3%,56,0.88,10,17.5%
Jrue Holiday,31.4,MIL,Point,455,63,27.3%,27,100.5,51,27.1%,29,0.99,56,12.8%
Justin Holiday,32.6,IND,Wing,607,35,14.3%,49,109.3,40,8.2%,51,0.58,55,10.6%
Richaun Holmes,28.0,SAC,Big,486,44,15.4%,99,146.3,28,6.8%,27,0.44,30,16.0%
Rodney Hood,29.0,MIL,Forward,187,3,9.8%,20,95.3,22,6.4%,64,0.65,100,2.4%
Al Horford,35.4,BOS,Big,515,72,19.3%,42,112.5,92,19.0%,92,0.98,80,9.5%
Talen Horton-Tucker,20.9,LAL,Forward,264,77,19.9%,13,92.5,72,13.0%,66,0.65,61,10.0%
Danuel House,28.4,HOU,Forward,136,56,17.0%,17,93.8,59,10.0%,50,0.59,3,17.7%
Dwight Howard,35.9,LAL,Big,244,19,12.8%,86,133.9,6,3.9%,10,0.30,1,24.1%
Kevin Huerter,23.2,ATL,Wing,503,48,16.4%,51,110.1,76,12.8%,84,0.78,48,11.1%
DeAndre Hunter,23.9,ATL,Forward,306,52,16.5%,36,103.5,2,3.1%,0,0.19,39,12.1%
Nah'Shon Hyland,21.1,DEN,Combo,198,68,22.7%,22,94.5,37,15.4%,29,0.68,93,7.9%
Andre Iguodala,37.8,GSW,Big,246,16,12.1%,14,100.0,95,23.2%,100,1.92,65,11.9%
Joe Ingles,34.1,UTA,Forward,484,34,13.6%,89,125.2,86,17.8%,100,1.31,27,13.3%
Brandon Ingram,24.2,NOP,Big,512,97,30.7%,18,101.6,94,22.6%,77,0.74,41,14.7%
Frank Jackson,23.5,DET,Combo,404,29,18.0%,51,106.1,2,6.7%,2,0.37,73,9.1%
Jaren Jackson,22.1,MEM,Big,527,88,22.5%,24,105.3,18,5.3%,4,0.24,75,10.3%
Josh Jackson,24.7,DET,Forward,328,81,20.4%,34,101.6,81,15.0%,78,0.74,19,14.5%
Reggie Jackson,31.5,LAC,Combo,657,83,25.8%,37,100.6,49,17.8%,34,0.69,56,10.3%
LeBron James,36.8,LAL,Forward,406,97,32.0%,73,117.8,100,29.6%,94,0.93,25,13.7%
Ty Jerome,24.3,OKC,Combo,192,51,21.1%,66,112.0,24,12.9%,22,0.61,100,4.3%
Isaiah Joe,22.3,PHI,Combo,101,20,16.7%,44,102.9,10,8.8%,10,0.53,49,10.8%
Cameron Johnson,25.7,PHX,Forward,414,42,14.7%,59,107.6,34,7.6%,34,0.52,83,8.4%
James Johnson,34.7,BKN,Big,175,26,13.6%,5,89.4,66,12.0%,87,0.89,91,7.3%
Keldon Johnson,21.9,SAS,Forward,559,73,19.6%,50,106.0,55,9.4%,27,0.48,67,9.6%
Nikola Jokic,26.7,DEN,Big,453,98,31.5%,88,135.7,100,34.1%,95,1.08,47,14.0%
Herbert Jones,23.1,NOP,Wing,475,12,11.8%,23,100.0,50,9.5%,88,0.80,7,17.5%
Tre Jones,21.8,SAS,Combo,112,39,19.4%,95,127.3,71,20.6%,78,1.06,39,12.2%
Tyus Jones,25.5,MEM,Combo,311,24,17.6%,90,116.5,98,30.3%,100,1.72,88,8.5%
Derrick Jones Jr.,24.7,CHI,Big,282,15,11.9%,91,137.8,11,4.2%,15,0.36,84,9.0%
DeAndre Jordan,33.3,LAL,Big,263,7,10.6%,95,139.4,6,3.8%,17,0.36,6,20.9%
Cory Joseph,30.2,DET,Point,433,17,16.9%,78,114.7,39,25.1%,93,1.49,24,16.8%
Frank Kaminsky,28.6,PHX,Big,166,59,17.4%,90,136.8,59,10.8%,52,0.62,95,6.2%
Enes Kanter,29.5,BOS,Big,110,44,15.6%,26,105.6,0,1.2%,0,0.08,43,14.6%
Luke Kennard,25.4,LAC,Wing,530,30,13.5%,61,113.4,57,10.2%,79,0.75,70,9.8%
Corey Kispert,22.7,WAS,Wing,203,22,12.8%,30,103.6,20,6.5%,38,0.51,34,12.2%
Maxi Kleber,29.8,DAL,Big,198,11,11.7%,72,125.5,31,7.1%,50,0.61,100,5.9%
John Konchar,25.6,MEM,Wing,193,0,8.4%,59,111.8,17,5.7%,70,0.67,15,15.8%
Furkan Korkmaz,24.3,PHI,Forward,458,78,20.1%,30,101.1,83,16.1%,84,0.80,77,8.7%
Kyle Kuzma,26.3,WAS,Big,657,79,20.0%,22,105.1,68,12.5%,53,0.62,39,14.8%
Zach LaVine,26.6,CHI,Wing,721,98,30.0%,82,120.4,93,19.0%,61,0.63,49,11.1%
Jeremy Lamb,29.4,IND,Wing,197,73,19.9%,85,121.8,68,11.5%,52,0.58,89,7.5%
Romeo Langford,22.0,BOS,Wing,306,10,10.8%,23,100.0,1,4.2%,12,0.39,26,13.2%
Caris LeVert,27.2,IND,Wing,364,95,28.6%,22,99.0,91,17.3%,57,0.61,77,8.9%
Damion Lee,29.0,GSW,Wing,294,49,16.5%,44,108.9,37,7.7%,29,0.47,80,8.3%
Alex Len,28.4,SAC,Big,221,42,15.2%,67,121.1,50,9.3%,51,0.61,19,17.8%
Kira Lewis Jr.,20.6,NOP,Point,252,41,23.0%,17,92.6,37,25.0%,51,1.09,22,16.9%
Damian Lillard,31.3,POR,Point,682,85,31.3%,51,106.9,80,33.6%,49,1.07,90,10.1%
Nassir Little,21.7,POR,Forward,404,28,13.1%,81,120.8,9,4.6%,9,0.35,23,13.9%
Kevon Looney,25.7,GSW,Big,366,18,12.4%,34,110.1,38,7.8%,57,0.63,62,12.3%
Robin Lopez,33.6,ORL,Big,111,55,17.1%,69,122.9,70,12.7%,78,0.74,8,20.7%
Kevin Love,33.1,CLE,Big,246,84,21.4%,19,101.6,81,14.6%,66,0.68,87,8.5%
Kyle Lowry,35.6,MIA,Point,609,29,21.6%,71,111.7,71,31.5%,88,1.46,12,18.6%
Trey Lyles,26.0,DET,Big,308,75,19.7%,41,112.3,44,8.2%,25,0.42,60,12.3%
Theo Maledon,20.4,OKC,Combo,128,22,16.8%,2,69.4,17,12.4%,37,0.73,2,20.4%
Terance Mann,25.0,LAC,Wing,488,41,14.8%,56,111.6,65,11.4%,82,0.77,29,12.7%
Tre Mann,20.7,OKC,Combo,111,59,21.5%,12,90.9,0,3.3%,0,0.15,98,7.0%
Lauri Markkanen,24.4,CLE,Forward,343,67,18.7%,39,103.9,16,5.5%,5,0.29,97,6.7%
Naji Marshall,23.8,NOP,Forward,158,41,14.7%,0,76.3,64,11.4%,81,0.77,0,25.7%
Caleb Martin,26.1,MIA,Forward,252,31,13.4%,27,100.0,5,4.2%,6,0.32,55,10.7%
Cody Martin,26.1,CHA,Wing,532,15,12.1%,72,116.0,61,10.9%,93,0.90,94,5.8%
Kelan Martin,26.2,IND,Forward,228,72,19.4%,38,103.9,56,9.6%,30,0.49,94,7.0%
Kenyon Martin Jr.,20.8,HOU,Forward,234,44,15.4%,83,121.2,45,8.3%,36,0.54,81,8.4%
Garrison Mathews,25.0,HOU,Wing,123,18,12.1%,94,128.2,0,2.1%,0,0.17,96,5.8%
Tyrese Maxey,21.0,PHI,Point,709,44,23.1%,88,118.5,20,21.2%,7,0.92,100,7.6%
CJ McCollum,30.1,POR,Combo,702,85,26.8%,49,106.0,61,19.8%,39,0.74,78,8.8%
TJ McConnell,29.6,IND,Point,529,24,19.8%,61,109.4,66,29.3%,90,1.48,80,11.3%
Jaden McDaniels,21.1,MIN,Forward,481,8,11.1%,23,98.3,11,4.7%,16,0.43,13,15.0%
Jalen McDaniels,23.8,CHA,Wing,268,26,13.3%,100,141.6,56,10.2%,80,0.76,24,13.3%
Doug McDermott,29.8,SAS,Forward,305,38,14.2%,67,113.9,20,6.2%,19,0.44,86,7.9%
JaVale McGee,33.8,PHX,Big,316,77,19.9%,85,133.6,26,6.6%,13,0.33,5,21.2%
Jordan McLaughlin,25.6,MIN,Point,139,10,15.8%,2,70.0,61,28.3%,100,1.79,10,18.9%
De'Anthony Melton,23.4,MEM,Wing,430,59,18.3%,28,101.2,72,12.5%,72,0.68,30,12.6%
Chimezie Metu,24.6,SAC,Big,198,56,17.2%,1,79.2,27,6.8%,21,0.39,44,14.3%
Khris Middleton,30.2,MIL,Forward,387,91,27.8%,63,110.2,94,24.5%,91,0.88,11,15.1%
Patty Mills,33.2,BKN,Combo,552,12,15.4%,98,131.4,15,12.3%,51,0.80,76,8.9%
Paul Millsap,36.7,BKN,Big,153,38,14.8%,7,91.1,57,10.3%,70,0.70,67,11.8%
Shake Milton,25.1,PHI,Combo,370,56,21.5%,61,109.7,56,19.2%,59,0.89,66,10.1%
Davion Mitchell,23.2,SAC,Combo,507,46,20.4%,10,87.3,59,19.6%,63,0.96,95,7.4%
Donovan Mitchell,25.1,UTA,Combo,611,100,34.8%,56,107.2,90,25.9%,41,0.74,44,11.4%
Evan Mobley,20.4,CLE,Big,533,68,18.5%,31,109.6,64,11.8%,59,0.64,58,12.6%
Malik Monk,23.7,LAL,Combo,494,15,16.1%,78,115.6,20,12.4%,46,0.77,37,12.4%
Ja Morant,22.2,MEM,Point,618,95,34.7%,76,113.1,85,34.9%,37,1.01,78,11.7%
Marcus Morris,32.2,LAC,Big,143,62,17.7%,8,92.3,46,8.9%,33,0.50,49,13.8%
Markieff Morris,32.2,MIA,Big,175,70,19.1%,30,108.8,61,11.1%,42,0.58,31,15.7%
Monte Morris,26.3,DEN,Combo,561,44,20.1%,46,102.9,63,20.2%,73,1.01,54,10.3%
Trey Murphy,21.4,NOP,Forward,279,20,12.6%,19,94.9,27,7.0%,41,0.56,56,10.6%
Dejounte Murray,25.1,SAS,Point,622,76,29.3%,24,99.7,78,33.3%,59,1.14,93,10.0%
Mike Muscala,30.3,OKC,Big,212,67,18.3%,78,127.6,31,7.2%,22,0.39,90,7.7%
Sviatoslav Mykhailiuk,24.4,TOR,Wing,388,43,15.2%,52,110.9,45,8.8%,54,0.58,62,10.2%
Abdel Nader,28.1,PHX,Wing,127,23,13.1%,16,93.3,18,6.4%,35,0.49,0,25.3%
Larry Nance Jr.,28.8,POR,Big,368,28,13.6%,76,126.5,63,11.4%,82,0.83,36,14.9%
Aaron Nesmith,22.0,BOS,Wing,131,37,14.6%,2,78.0,6,4.9%,4,0.33,21,13.8%
Raul Neto,29.5,WAS,Point,366,27,20.5%,44,105.3,12,19.1%,17,0.93,37,15.7%
Georges Niang,28.4,PHI,Big,497,61,17.6%,52,116.5,58,10.4%,46,0.59,89,8.2%
Nerlens Noel,27.6,NYK,Big,193,2,8.5%,63,119.4,12,4.3%,34,0.50,4,21.6%
Frank Ntilikina,23.3,DAL,Wing,188,61,18.5%,43,108.3,85,14.3%,83,0.77,66,9.9%
Jusuf Nurkic,27.2,POR,Big,486,71,19.2%,71,125.4,74,13.2%,68,0.69,16,18.1%
David Nwaba,28.8,HOU,Wing,134,38,14.6%,10,85.7,37,7.7%,45,0.53,18,14.3%
Jordan Nwora,23.1,MIL,Wing,313,55,17.3%,34,105.0,34,7.7%,18,0.44,41,11.9%
Royce O'Neale,28.4,UTA,Wing,585,9,10.5%,79,119.0,44,8.8%,89,0.83,11,16.1%
Semi Ojeleye,26.9,MIL,Big,207,6,9.7%,0,67.4,3,2.8%,8,0.29,94,6.5%
Chuma Okeke,23.2,ORL,Forward,283,55,16.7%,11,91.3,42,8.0%,25,0.48,63,9.9%
Josh Okogie,23.2,MIN,Forward,155,13,11.7%,3,80.0,41,7.9%,70,0.67,8,16.3%
Isaac Okoro,20.8,CLE,Wing,388,34,14.3%,11,87.5,48,9.3%,65,0.65,46,11.3%
Kelly Olynyk,30.5,DET,Big,229,90,23.1%,32,109.9,87,16.7%,75,0.72,63,12.2%
Cedi Osman,26.6,CLE,Forward,375,69,18.9%,92,126.5,67,11.5%,58,0.61,75,8.9%
Kelly Oubre,25.9,CHA,Forward,587,70,19.2%,66,112.6,14,5.3%,3,0.27,91,7.4%
Eric Paschall,25.0,UTA,Forward,199,30,13.2%,56,107.3,39,7.8%,52,0.59,28,13.1%
Chris Paul,36.5,PHX,Point,622,59,26.9%,80,116.3,95,41.6%,95,1.55,68,12.0%
Cameron Payne,27.2,PHX,Point,247,68,28.4%,22,96.3,46,26.3%,12,0.93,71,11.9%
Gary Payton II,28.9,GSW,Combo,250,0,12.3%,100,142.9,5,7.0%,15,0.57,71,9.7%
Mason Plumlee,31.7,CHA,Big,522,19,12.5%,37,110.6,81,14.4%,96,1.15,32,15.5%
Jakob Poeltl,26.0,SAS,Big,318,47,15.8%,65,120.4,56,10.0%,56,0.63,52,13.4%
Aleksej Pokusevski,19.8,OKC,Forward,267,83,20.6%,2,79.2,78,14.6%,75,0.71,5,17.0%
Jordan Poole,22.4,GSW,Combo,577,78,24.8%,73,114.3,44,16.8%,27,0.68,24,13.9%
Kevin Porter,21.5,HOU,Point,507,61,27.3%,20,94.2,54,27.9%,41,1.02,2,20.9%
Michael Porter,23.3,DEN,Wing,265,65,18.6%,6,84.0,43,8.5%,24,0.46,68,9.9%
Otto Porter,28.4,GSW,Forward,310,39,14.5%,91,126.3,47,8.3%,44,0.57,41,11.8%
Bobby Portis,26.7,MIL,Big,437,81,20.5%,60,118.7,42,8.1%,23,0.40,64,12.2%
Kristaps Porzingis,26.3,DAL,Big,390,94,25.8%,45,114.2,65,11.9%,29,0.46,85,8.9%
Dwight Powell,30.3,DAL,Big,374,10,11.5%,74,126.1,44,8.2%,73,0.71,42,14.7%
Norman Powell,28.4,POR,Wing,522,71,19.6%,93,127.7,39,7.9%,15,0.40,85,7.7%
Taurean Prince,27.6,MIN,Forward,256,27,13.0%,25,98.6,52,8.9%,73,0.69,45,11.5%
Payton Pritchard,23.8,BOS,Point,132,2,15.0%,0,55.9,0,15.1%,32,1.00,15,17.6%
Immanuel Quickley,22.4,NYK,Combo,371,63,22.5%,93,117.7,68,20.5%,61,0.91,63,10.2%
Julius Randle,26.9,NYK,Big,693,96,28.7%,19,102.2,96,24.6%,85,0.86,45,14.1%
Austin Reaves,23.4,LAL,Wing,204,7,10.4%,95,128.6,15,5.6%,46,0.53,2,20.8%
Cameron Reddish,22.2,ATL,Wing,454,79,21.2%,40,107.1,22,6.6%,2,0.31,35,12.1%
Paul Reed,22.4,PHI,Big,118,13,11.7%,35,110.3,43,8.1%,69,0.69,61,12.3%
Naz Reid,22.2,MIN,Big,250,81,20.7%,55,117.4,52,9.5%,28,0.46,70,11.4%
Nick Richards,23.9,CHA,Big,145,20,12.8%,92,138.1,8,4.0%,11,0.31,2,23.9%
Josh Richardson,28.1,BOS,Combo,370,10,15.0%,80,115.7,7,7.8%,7,0.52,83,8.8%
Austin Rivers,29.3,DEN,Wing,267,28,13.4%,7,85.3,11,5.4%,16,0.40,40,12.0%
Duncan Robinson,27.5,MIA,Wing,568,46,15.9%,32,103.8,32,7.4%,28,0.47,84,7.8%
Justin Robinson,24.1,MIL,Point,156,7,15.5%,10,83.7,2,16.7%,46,1.07,41,14.3%
Mitchell Robinson,23.6,NYK,Big,432,0,8.0%,100,152.6,14,4.4%,39,0.55,56,12.7%
Jeremiah Robinson-Earl,21.0,OKC,Big,400,21,12.9%,33,110.1,24,6.2%,31,0.48,53,13.4%
Rajon Rondo,35.7,LAL,Point,179,37,22.7%,5,71.9,88,37.6%,98,1.66,5,20.7%
Derrick Rose,33.1,NYK,Point,383,49,24.6%,59,109.3,32,23.6%,20,0.96,83,11.0%
Terrence Ross,30.7,ORL,Wing,497,60,18.4%,33,104.2,82,13.5%,78,0.73,28,12.7%
Terry Rozier,27.6,CHA,Combo,548,71,22.8%,54,106.9,39,15.6%,32,0.68,80,8.8%
Ricky Rubio,31.0,CLE,Combo,582,95,28.4%,39,101.1,100,33.9%,88,1.19,20,15.8%
D'Angelo Russell,25.7,MIN,Point,563,78,29.4%,49,105.8,63,28.9%,24,0.98,73,11.8%
Domantas Sabonis,25.5,IND,Big,731,85,21.9%,69,122.5,89,17.4%,81,0.80,18,18.0%
Tomas Satoransky,30.0,NOP,Combo,248,5,13.5%,0,66.0,76,20.8%,98,1.53,17,16.1%
Dennis Schroder,28.1,BOS,Point,659,56,26.6%,56,108.6,34,24.4%,10,0.92,39,14.5%
Alperen Sengun,19.3,HOU,Big,308,91,23.1%,57,118.4,94,21.4%,91,0.93,6,21.2%
Collin Sexton,22.8,CLE,Wing,314,90,26.4%,37,106.7,73,12.6%,32,0.48,10,16.7%
Landry Shamet,24.6,PHX,Wing,316,45,15.9%,63,113.6,74,12.7%,87,0.80,91,6.9%
Pascal Siakam,27.6,TOR,Big,329,92,24.0%,29,108.8,88,17.3%,74,0.72,73,10.6%
Anfernee Simons,22.4,POR,Wing,413,82,21.8%,74,118.0,88,15.1%,74,0.69,66,9.9%
Marcus Smart,27.7,BOS,Combo,693,32,18.2%,32,100.0,83,22.8%,90,1.26,34,12.5%
Ish Smith,33.3,CHA,Point,202,34,22.6%,7,80.5,44,25.7%,61,1.14,61,12.7%
Tony Snell,30.0,POR,Wing,116,1,8.9%,1,75.0,13,5.5%,60,0.62,78,8.9%
Isaiah Stewart,20.4,DET,Big,419,17,12.3%,23,105.2,36,7.8%,56,0.63,31,15.9%
Max Strus,25.6,MIA,Wing,249,24,13.2%,70,115.6,2,4.5%,6,0.34,73,9.5%
Jalen Suggs,20.4,ORL,Combo,538,88,27.4%,7,86.8,66,20.4%,44,0.75,7,18.4%
Jae'Sean Tate,26.0,HOU,Forward,520,66,18.4%,64,110.9,70,12.3%,69,0.67,6,16.4%
Jayson Tatum,23.7,BOS,Forward,764,98,32.1%,31,101.2,89,18.2%,42,0.57,64,9.9%
Garrett Temple,35.5,NOP,Wing,364,33,14.2%,38,106.7,52,9.6%,68,0.67,12,15.9%
Daniel Theis,29.6,HOU,Big,349,34,14.2%,48,115.2,19,5.4%,19,0.38,27,16.5%
Tristan Thompson,30.6,SAC,Big,204,53,17.0%,20,103.8,34,7.5%,26,0.44,67,11.8%
Matisse Thybulle,24.7,PHI,Wing,334,2,9.8%,84,120.6,15,5.6%,50,0.57,4,18.4%
Xavier Tillman,22.8,MEM,Big,125,31,13.9%,13,97.1,69,12.7%,88,0.91,55,13.0%
Obi Toppin,23.7,NYK,Big,294,80,20.1%,64,119.7,60,11.1%,40,0.55,56,12.7%
Juan Toscano-Anderson,28.6,GSW,Big,250,24,13.5%,66,121.1,90,18.0%,98,1.33,34,15.0%
Karl-Anthony Towns,26.0,MIN,Big,681,94,24.8%,73,125.7,86,16.4%,63,0.66,28,16.3%
Gary Trent Jr.,22.8,TOR,Wing,680,68,19.5%,50,109.4,28,7.2%,7,0.37,94,5.8%
PJ Tucker,36.5,MIA,Big,554,4,9.2%,82,129.5,45,8.4%,89,0.91,38,14.8%
Myles Turner,25.6,IND,Big,624,41,15.2%,77,127.1,17,5.3%,14,0.35,44,14.4%
Jonas Valanciunas,29.5,NOP,Big,691,89,22.6%,54,117.3,75,13.2%,45,0.58,57,12.6%
Fred VanVleet,27.7,TOR,Point,757,51,25.4%,83,116.7,49,26.4%,44,1.04,44,14.2%
Jarred Vanderbilt,22.6,MIN,Big,423,8,11.0%,50,115.8,35,7.6%,67,0.69,13,19.5%
Devin Vassell,21.2,SAS,Forward,418,50,16.5%,70,114.7,30,7.1%,17,0.43,92,7.4%
Gabe Vincent,25.4,MIA,Combo,213,34,18.2%,59,109.5,46,17.6%,66,0.97,32,12.8%
Nikola Vucevic,31.0,CHI,Big,458,86,22.1%,6,90.3,91,19.0%,86,0.86,77,10.0%
Dean Wade,24.9,CLE,Forward,352,2,9.7%,27,100.0,48,8.3%,88,0.85,98,6.5%
Franz Wagner,20.2,ORL,Forward,641,64,17.9%,41,104.0,69,11.8%,67,0.65,84,7.9%
Moritz Wagner,24.5,ORL,Big,176,74,19.6%,44,113.9,49,9.2%,30,0.47,26,16.6%
Kemba Walker,31.5,NYK,Point,440,39,22.7%,73,111.7,15,20.6%,5,0.91,88,10.6%
Lonnie Walker,22.9,SAS,Wing,385,88,23.7%,18,94.1,89,15.4%,66,0.65,51,10.9%
Brad Wanamaker,32.3,IND,Combo,110,49,20.4%,17,93.9,80,22.8%,80,1.12,0,25.0%
PJ Washington,23.2,CHA,Big,206,57,17.3%,51,116.3,62,11.3%,62,0.66,35,14.9%
Russell Westbrook,33.0,LAL,Point,789,88,32.3%,34,103.7,90,38.0%,71,1.18,20,17.0%
Coby White,21.7,CHI,Combo,123,61,21.6%,5,81.1,12,11.5%,12,0.53,61,10.3%
Derrick White,27.3,SAS,Combo,559,41,19.9%,27,97.2,85,23.1%,85,1.16,51,10.3%
Hassan Whiteside,32.4,UTA,Big,289,49,16.4%,70,124.3,1,2.0%,1,0.12,24,17.0%
Aaron Wiggins,22.8,OKC,Wing,103,6,10.3%,73,116.7,49,9.5%,94,0.92,1,24.5%
Andrew Wiggins,26.7,GSW,Wing,595,85,22.8%,76,118.2,41,8.4%,9,0.37,50,11.1%
Grant Williams,22.9,BOS,Big,442,9,11.2%,94,138.6,40,7.9%,72,0.70,83,9.0%
Kenrich Williams,26.9,OKC,Forward,383,47,15.6%,44,104.9,75,13.8%,92,0.89,53,10.8%
Lou Williams,35.0,ATL,Combo,199,80,25.2%,15,91.9,73,20.7%,54,0.82,59,10.3%
Patrick Williams,20.2,CHI,Big,123,1,8.2%,84,132.0,5,3.3%,24,0.41,85,8.9%
Robert Williams,24.0,BOS,Big,420,5,9.4%,98,145.5,23,6.1%,61,0.65,20,17.6%
Ziaire Williams,20.1,MEM,Wing,320,16,12.1%,17,93.4,5,4.7%,13,0.39,65,10.0%
Dylan Windler,25.1,CLE,Wing,156,21,12.7%,87,122.2,83,13.9%,98,1.09,5,18.2%
Christian Wood,26.1,HOU,Big,622,83,21.1%,27,107.2,71,12.7%,48,0.60,69,11.5%
Delon Wright,29.5,ATL,Point,208,0,14.8%,15,88.7,17,20.8%,83,1.40,98,8.5%
Thaddeus Young,33.4,SAS,Big,229,82,20.7%,56,118.0,97,27.1%,97,1.31,29,16.1%
Trae Young,23.1,ATL,Point,708,98,38.3%,85,118.5,98,41.9%,56,1.09,51,12.9%
Cody Zeller,29.1,POR,Big,221,32,14.1%,79,128.4,53,9.6%,65,0.68,51,13.5%
Ivica Zubac,24.6,LAC,Big,491,22,13.4%,87,134.5,39,7.8%,44,0.58,48,13.9%