Player,Age,Team,Pos,MIN,FT% Rank,FT%,SFLD% Rank,SFLD%,FFLD% Rank,FFLD%,AND1% Rank,AND1%
Jimmy Butler,32.1,MIA,Forward,578,74,85.6%,100,21.1%,88,2.2%,27,12.1%
James Harden,32.2,BKN,Point,700,76,89.6%,100,17.6%,88,2.8%,61,26.3%
Dwight Howard,35.9,LAL,Big,244,18,60.5%,100,31.6%,86,2.7%,19,11.1%
Gary Payton II,28.9,GSW,Combo,250,5,61.5%,100,16.0%,10,0.7%,34,16.7%
Norman Powell,28.4,POR,Wing,522,55,81.2%,100,15.0%,88,2.0%,74,31.4%
Mitchell Robinson,23.6,NYK,Big,432,11,57.9%,99,26.7%,14,0.9%,36,20.0%
David Nwaba,28.8,HOU,Wing,134,0,57.1%,99,14.6%,83,1.8%,0,0.0%
Josh Okogie,23.2,MIN,Forward,155,0,46.2%,98,20.0%,23,0.5%,34,14.3%
Rudy Gobert,29.3,UTA,Big,621,30,66.4%,98,25.8%,99,5.3%,22,12.8%
Dalano Banton,22.0,TOR,Combo,256,0,70.0%,98,13.0%,73,1.7%,46,20.0%
De'Aaron Fox,23.9,SAC,Point,720,16,72.9%,98,13.6%,46,1.6%,59,23.2%
Jalen McDaniels,23.8,CHA,Wing,268,0,60.9%,98,13.5%,63,1.3%,70,30.0%
Giannis Antetokounmpo,26.9,MIL,Big,643,33,67.2%,97,21.8%,97,4.6%,49,22.3%
Harrison Barnes,29.4,SAC,Forward,660,61,84.3%,97,19.0%,89,2.3%,48,19.6%
Isaac Okoro,20.8,CLE,Wing,388,10,69.2%,96,12.6%,18,0.5%,67,28.6%
Montrezl Harrell,27.8,WAS,Big,535,75,79.8%,96,21.5%,74,2.3%,62,27.7%
Alperen Sengun,19.3,HOU,Big,308,28,66.1%,95,21.4%,88,3.0%,73,32.0%
DeMar DeRozan,32.2,CHI,Forward,730,96,89.9%,95,16.9%,94,2.3%,66,22.7%
Tyrese Maxey,21.0,PHI,Point,709,72,89.2%,95,12.6%,27,1.2%,83,36.8%
Brad Wanamaker,32.3,IND,Combo,110,0,81.8%,95,12.9%,98,2.7%,61,25.0%
Andrew Wiggins,26.7,GSW,Wing,595,23,73.3%,95,12.5%,84,1.8%,52,20.5%
Cody Zeller,29.1,POR,Big,221,59,75.7%,94,21.3%,72,2.3%,12,7.7%
Collin Sexton,22.8,CLE,Wing,314,35,74.4%,94,12.3%,99,2.8%,61,25.0%
Naji Marshall,23.8,NOP,Forward,158,0,85.7%,94,16.2%,22,0.5%,0,0.0%
Mason Plumlee,31.7,CHA,Big,522,0,34.6%,94,21.0%,48,1.5%,36,20.0%
Alec Burks,30.3,NYK,Wing,439,48,80.0%,93,11.9%,82,1.7%,39,15.0%
Alex Caruso,27.7,CHI,Combo,579,89,90.2%,93,12.3%,39,1.2%,68,29.4%
Kevin Porter,21.5,HOU,Point,507,0,62.3%,93,12.3%,68,2.1%,34,18.5%
Joel Embiid,27.6,PHI,Big,323,66,77.6%,93,20.7%,100,5.9%,17,9.8%
Amir Coffey,24.4,LAC,Forward,147,0,100.0%,92,13.9%,6,0.3%,0,0.0%
Bam Adebayo,24.3,MIA,Big,555,64,76.9%,92,20.6%,76,2.4%,48,21.8%
Aaron Wiggins,22.8,OKC,Wing,103,0,40.0%,91,11.8%,80,1.7%,89,50.0%
Enes Kanter,29.5,BOS,Big,110,0,93.3%,91,20.6%,31,1.1%,63,28.6%
Jerami Grant,27.6,DET,Forward,611,57,83.0%,91,13.5%,84,2.1%,47,17.8%
Jaylen Brown,25.0,BOS,Wing,392,42,78.2%,90,11.5%,96,2.5%,46,19.2%
Jalen Suggs,20.4,ORL,Combo,538,16,76.1%,90,11.5%,90,2.4%,46,20.0%
Russell Westbrook,33.0,LAL,Point,789,8,68.0%,90,12.3%,61,1.9%,17,13.7%
Ivica Zubac,24.6,LAC,Big,491,52,75.0%,90,20.3%,66,2.0%,11,7.1%
Aaron Gordon,26.1,DEN,Forward,596,39,76.0%,89,12.7%,81,1.7%,84,37.0%
Eric Gordon,32.9,HOU,Wing,465,6,68.3%,89,11.0%,26,0.6%,39,15.0%
Goga Bitadze,22.3,IND,Big,102,0,69.2%,89,19.5%,12,0.8%,85,37.5%
Hamidou Diallo,23.3,DET,Wing,172,0,92.3%,88,10.8%,91,2.2%,85,42.9%
Ty Jerome,24.3,OKC,Combo,192,0,83.3%,88,9.9%,34,1.1%,78,33.3%
Cory Joseph,30.2,DET,Point,433,40,82.4%,88,11.8%,56,1.8%,88,38.5%
Eric Paschall,25.0,UTA,Forward,199,0,61.5%,88,12.7%,30,0.7%,34,14.3%
Jarrett Allen,23.5,CLE,Big,558,25,63.0%,87,19.4%,80,2.4%,51,22.9%
Marvin Bagley,22.6,SAC,Big,126,0,60.0%,87,19.4%,44,1.3%,94,57.1%
Gordon Hayward,31.6,CHA,Wing,739,61,85.0%,87,10.8%,89,2.0%,59,23.5%
Jaxson Hayes,21.4,NOP,Big,201,52,75.0%,86,18.9%,83,2.6%,24,14.3%
Deni Avdija,20.8,WAS,Forward,415,9,63.0%,86,12.0%,52,1.0%,22,7.7%
Luka Doncic,22.7,DAL,Point,520,12,68.2%,85,11.8%,90,3.0%,63,26.8%
R.J. Hampton,20.7,ORL,Combo,357,0,54.5%,85,9.7%,46,1.3%,20,7.7%
Abdel Nader,28.1,PHX,Wing,127,0,50.0%,85,10.3%,93,2.3%,0,0.0%
Drew Eubanks,24.7,SAS,Big,274,84,82.4%,85,18.6%,95,4.0%,55,25.0%
Kevin Durant,33.1,BKN,Forward,671,70,85.4%,84,12.0%,98,2.9%,41,14.6%
Trey Lyles,26.0,DET,Big,308,52,75.0%,84,18.5%,8,0.7%,74,33.3%
Dillon Brooks,25.8,MEM,Wing,169,81,88.9%,84,10.2%,100,3.2%,41,16.7%
Hassan Whiteside,32.4,UTA,Big,289,38,69.4%,83,18.3%,81,2.5%,57,26.3%
Malcolm Brogdon,28.9,IND,Combo,594,84,88.9%,83,9.2%,93,2.5%,41,18.5%
Ja Morant,22.2,MEM,Point,618,20,77.7%,83,11.1%,100,4.1%,37,18.6%
Cameron Reddish,22.2,ATL,Wing,454,81,88.9%,83,10.1%,71,1.4%,60,23.8%
Keldon Johnson,21.9,SAS,Forward,559,13,65.0%,83,12.0%,53,1.0%,44,16.7%
Kevon Looney,25.7,GSW,Big,366,8,55.9%,82,18.2%,19,1.1%,19,11.1%
Cody Martin,26.1,CHA,Wing,532,16,71.4%,82,10.1%,51,0.9%,55,21.4%
Derrick Jones Jr.,24.7,CHI,Big,282,87,83.3%,81,17.7%,63,1.8%,63,28.6%
Josh Hart,26.7,NOP,Forward,530,83,87.5%,81,12.0%,83,1.7%,42,15.0%
Khem Birch,29.1,TOR,Big,342,43,72.7%,81,17.6%,35,1.2%,69,31.3%
Luguentz Dort,22.5,OKC,Wing,593,71,85.7%,80,10.0%,61,1.2%,56,22.2%
Jalen Green,19.7,HOU,Combo,550,32,80.0%,80,8.6%,76,1.8%,44,19.0%
Cameron Payne,27.2,PHX,Point,247,36,81.3%,80,10.7%,12,0.7%,51,21.4%
Scottie Barnes,20.3,TOR,Forward,663,26,74.2%,80,11.9%,75,1.5%,64,22.6%
Steven Adams,28.3,MEM,Big,485,36,68.8%,80,17.4%,69,2.1%,36,20.0%
Terance Mann,25.0,LAC,Wing,488,65,85.3%,79,9.9%,62,1.3%,35,14.3%
Draymond Green,31.7,GSW,Big,567,15,60.0%,79,17.1%,30,1.1%,23,13.6%
Josh Jackson,24.7,DET,Forward,328,17,67.7%,78,11.9%,61,1.1%,50,20.0%
RJ Barrett,21.4,NYK,Wing,644,10,69.2%,78,9.8%,73,1.5%,67,28.6%
Eric Bledsoe,31.9,LAC,Point,560,52,84.2%,78,10.5%,37,1.5%,73,30.0%
Marcus Smart,27.7,BOS,Combo,693,21,78.7%,78,8.6%,78,2.0%,78,33.3%
Dwight Powell,30.3,DAL,Big,374,26,64.7%,78,17.0%,79,2.4%,58,26.7%
Jusuf Nurkic,27.2,POR,Big,486,61,75.8%,77,16.9%,71,2.2%,50,22.6%
DeAndre' Bembry,27.3,BKN,Wing,328,0,52.9%,77,9.6%,37,0.7%,30,12.5%
Darius Bazley,21.4,OKC,Forward,539,4,58.3%,77,11.1%,17,0.5%,73,27.3%
Dewayne Dedmon,32.2,MIA,Big,272,77,80.0%,76,16.4%,29,1.1%,29,16.7%
Shai Gilgeous-Alexander,23.3,OKC,Point,592,28,80.0%,76,10.3%,66,2.0%,29,18.2%
John Konchar,25.6,MEM,Wing,193,0,37.5%,76,9.1%,33,0.7%,0,0.0%
Theo Maledon,20.4,OKC,Combo,128,0,100.0%,76,8.3%,24,1.0%,0,0.0%
Nerlens Noel,27.6,NYK,Big,193,0,100.0%,75,16.1%,57,1.6%,36,20.0%
Jae'Sean Tate,26.0,HOU,Forward,520,30,74.4%,75,11.1%,42,0.8%,69,23.8%
Terrence Ross,30.7,ORL,Wing,497,45,78.6%,74,8.7%,56,1.0%,73,31.3%
Alex Len,28.4,SAC,Big,221,0,68.0%,74,15.9%,53,1.6%,16,9.1%
Javonte Green,28.3,CHI,Forward,404,0,75.0%,73,11.0%,13,0.4%,0,0.0%
Jeremy Lamb,29.4,IND,Wing,197,100,100.0%,73,8.6%,94,2.4%,35,14.3%
Delon Wright,29.5,ATL,Point,208,0,72.7%,73,9.6%,34,1.5%,41,20.0%
Naz Reid,22.2,MIN,Big,250,67,78.1%,73,15.8%,47,1.5%,71,31.6%
Daniel Gafford,23.1,WAS,Big,350,31,66.7%,72,15.7%,68,2.1%,81,35.3%
Herbert Jones,23.1,NOP,Wing,475,0,75.0%,72,8.5%,10,0.4%,56,22.2%
Caleb Martin,26.1,MIA,Forward,252,0,60.0%,72,11.0%,20,0.5%,28,12.5%
Mike Muscala,30.3,OKC,Big,212,74,79.3%,71,15.5%,4,0.6%,58,26.7%
Devin Booker,25.0,PHX,Wing,653,68,85.4%,71,8.1%,98,2.7%,45,18.2%
Spencer Dinwiddie,28.6,WAS,Point,502,96,93.3%,71,8.9%,73,2.2%,41,20.0%
Shake Milton,25.1,PHI,Combo,370,0,92.0%,71,8.0%,66,1.7%,95,58.3%
Tomas Satoransky,30.0,NOP,Combo,248,0,71.4%,71,8.0%,2,0.4%,61,25.0%
Chuma Okeke,23.2,ORL,Forward,283,0,85.7%,70,10.7%,58,1.1%,25,9.1%
Zach LaVine,26.6,CHI,Wing,721,74,86.8%,70,8.0%,95,2.5%,76,32.4%
Kenrich Williams,26.9,OKC,Forward,383,0,57.1%,69,10.7%,55,1.0%,0,0.0%
Bradley Beal,28.3,WAS,Wing,610,97,92.3%,68,8.0%,87,2.0%,44,17.2%
Immanuel Quickley,22.4,NYK,Combo,371,100,91.4%,68,7.9%,68,1.7%,34,16.7%
Dennis Schroder,28.1,BOS,Point,659,80,89.7%,68,8.9%,85,2.6%,24,14.8%
Jeff Green,35.2,DEN,Big,438,77,80.0%,68,15.4%,17,0.9%,29,16.7%
Isaiah Hartenstein,23.5,LAC,Big,253,0,72.0%,68,15.4%,93,3.4%,88,41.7%
Obi Toppin,23.7,NYK,Big,294,46,73.7%,68,15.4%,19,1.1%,66,30.0%
Jarred Vanderbilt,22.6,MIN,Big,423,85,82.8%,68,15.4%,60,1.7%,90,42.9%
Bojan Bogdanovic,32.5,UTA,Forward,590,100,92.4%,67,10.6%,67,1.2%,61,21.4%
Anthony Edwards,20.2,MIN,Wing,710,32,74.2%,67,7.9%,55,1.0%,61,25.0%
Pascal Siakam,27.6,TOR,Big,329,48,73.9%,67,15.2%,70,2.1%,29,16.7%
Jalen Brunson,25.2,DAL,Combo,490,37,80.4%,66,7.8%,95,2.7%,85,43.8%
Facundo Campazzo,30.6,DEN,Point,284,0,81.3%,66,8.8%,54,1.8%,27,16.7%
Garrett Temple,35.5,NOP,Wing,364,0,77.3%,66,7.9%,65,1.3%,30,12.5%
LeBron James,36.8,LAL,Forward,406,35,75.5%,66,10.6%,97,2.9%,80,32.0%
Frank Kaminsky,28.6,PHX,Big,166,0,90.0%,65,15.2%,65,1.9%,86,40.0%
Robin Lopez,33.6,ORL,Big,111,0,69.2%,65,15.2%,67,2.0%,36,20.0%
Garrison Mathews,25.0,HOU,Wing,123,0,75.0%,65,7.9%,7,0.4%,77,33.3%
Jayson Tatum,23.7,BOS,Forward,764,43,80.0%,64,9.7%,95,2.4%,28,12.5%
Nick Richards,23.9,CHA,Big,145,0,72.7%,64,15.0%,28,1.1%,94,66.7%
Cole Anthony,21.5,ORL,Point,537,60,85.7%,63,7.9%,83,2.5%,66,28.6%
Tim Hardaway Jr.,29.6,DAL,Wing,589,29,73.8%,63,7.5%,35,0.7%,54,21.1%
Frank Jackson,23.5,DET,Combo,404,47,82.8%,63,7.4%,32,1.1%,22,8.3%
Tristan Thompson,30.6,SAC,Big,204,3,50.0%,63,14.7%,84,2.6%,34,18.2%
Kenyon Martin Jr.,20.8,HOU,Forward,234,0,64.7%,63,9.6%,25,0.6%,86,37.5%
Nikola Jokic,26.7,DEN,Big,453,49,74.7%,62,14.0%,98,4.8%,87,40.5%
Brandon Clarke,25.1,MEM,Big,243,0,68.2%,61,13.6%,34,1.2%,82,36.4%
Corey Kispert,22.7,WAS,Wing,203,0,77.8%,61,7.3%,2,0.2%,61,25.0%
Landry Shamet,24.6,PHX,Wing,316,0,81.8%,61,7.3%,13,0.4%,0,0.0%
Lou Williams,35.0,ATL,Combo,199,0,88.2%,61,7.2%,29,1.1%,66,28.6%
Trae Young,23.1,ATL,Point,708,68,89.2%,61,7.7%,98,4.1%,22,14.7%
Taurean Prince,27.6,MIN,Forward,256,0,75.0%,61,9.6%,0,0.2%,78,28.6%
JaVale McGee,33.8,PHX,Big,316,21,62.2%,60,13.6%,75,2.4%,84,36.8%
Romeo Langford,22.0,BOS,Wing,306,0,72.7%,60,7.1%,38,0.7%,48,20.0%
Nassir Little,21.7,POR,Forward,404,0,80.0%,59,9.4%,77,1.5%,83,36.4%
Domantas Sabonis,25.5,IND,Big,731,41,72.0%,59,13.6%,91,3.2%,36,20.0%
Damian Lillard,31.3,POR,Point,682,88,90.9%,59,6.9%,93,3.2%,39,19.2%
Donovan Mitchell,25.1,UTA,Combo,611,79,87.3%,59,7.0%,85,2.3%,76,32.1%
Frank Ntilikina,23.3,DAL,Wing,188,0,100.0%,59,7.0%,77,1.6%,0,0.0%
Kelly Olynyk,30.5,DET,Big,229,15,60.0%,58,13.3%,94,3.6%,81,35.7%
Tobias Harris,29.3,PHI,Forward,407,78,87.2%,58,9.0%,56,1.0%,72,26.3%
Richaun Holmes,28.0,SAC,Big,486,93,87.0%,57,12.9%,46,1.5%,72,31.8%
Caris LeVert,27.2,IND,Wing,364,16,71.4%,57,6.7%,68,1.3%,35,14.3%
Andre Drummond,28.2,PHI,Big,420,13,58.1%,56,12.9%,69,2.1%,35,18.8%
Torrey Craig,30.9,IND,Forward,367,0,77.3%,56,8.7%,27,0.6%,63,22.2%
Seth Curry,31.2,PHI,Wing,608,90,91.1%,56,6.6%,90,2.2%,82,35.7%
Tre Jones,21.8,SAS,Combo,112,0,100.0%,56,7.0%,100,3.2%,98,66.7%
Fred VanVleet,27.7,TOR,Point,757,56,84.7%,56,6.8%,59,1.9%,54,21.7%
Robert Williams,24.0,BOS,Big,420,0,60.9%,56,12.8%,6,0.6%,61,27.3%
Kent Bazemore,32.3,LAL,Wing,330,0,75.0%,55,6.4%,54,1.0%,48,20.0%
Maurice Harkless,28.5,SAC,Forward,327,0,72.7%,55,8.6%,63,1.1%,44,16.7%
Myles Turner,25.6,IND,Big,624,39,69.8%,55,12.4%,39,1.3%,60,26.9%
Evan Mobley,20.4,CLE,Big,533,52,75.0%,54,12.1%,23,1.1%,54,24.0%
Kyle Lowry,35.6,MIA,Point,609,88,90.9%,54,6.8%,49,1.6%,76,30.8%
Sviatoslav Mykhailiuk,24.4,TOR,Wing,388,0,90.0%,54,6.3%,16,0.4%,30,12.5%
Ricky Rubio,31.0,CLE,Combo,582,68,86.4%,54,6.9%,88,2.3%,32,15.8%
Davis Bertans,29.0,WAS,Forward,164,0,100.0%,53,8.5%,36,0.8%,50,20.0%
Gorgui Dieng,31.8,ATL,Big,129,0,70.0%,53,12.1%,59,1.6%,0,0.0%
Saddiq Bey,22.6,DET,Wing,642,26,73.7%,52,6.2%,50,0.9%,29,11.8%
Jakob Poeltl,26.0,SAS,Big,318,2,37.0%,52,11.6%,45,1.5%,12,7.7%
Khris Middleton,30.2,MIL,Forward,387,65,85.1%,52,8.4%,92,2.3%,86,37.5%
Josh Richardson,28.1,BOS,Combo,370,0,83.3%,51,6.8%,37,1.2%,24,12.5%
D'Angelo Russell,25.7,MIN,Point,563,32,80.6%,51,6.6%,80,2.4%,15,9.5%
Lonnie Walker,22.9,SAS,Wing,385,52,80.8%,51,6.0%,27,0.6%,0,0.0%
Jonas Valanciunas,29.5,NOP,Big,691,90,85.9%,51,11.5%,90,3.0%,33,17.9%
Kentavious Caldwell-Pope,28.7,WAS,Wing,594,77,87.1%,50,6.0%,59,1.1%,66,27.3%
Paul George,31.5,LAC,Forward,704,87,89.1%,50,8.3%,100,3.7%,67,23.1%
Christian Wood,26.1,HOU,Big,622,10,56.3%,50,11.5%,94,3.5%,69,31.3%
Paul Millsap,36.7,BKN,Big,153,0,72.7%,49,11.4%,32,1.2%,36,20.0%
Nickeil Alexander-Walker,23.2,NOP,Combo,628,26,79.2%,49,6.6%,22,1.0%,27,14.3%
Josh Giddey,19.1,OKC,Wing,557,0,65.4%,49,6.0%,67,1.3%,71,30.8%
Chris Paul,36.5,PHX,Point,622,48,83.8%,49,6.5%,95,3.5%,66,28.6%
Cameron Johnson,25.7,PHX,Forward,414,0,73.7%,48,7.6%,19,0.5%,73,27.3%
Anthony Davis,28.6,LAL,Big,749,43,72.7%,48,11.3%,92,3.4%,52,22.9%
Karl-Anthony Towns,26.0,MIN,Big,681,82,82.1%,47,11.0%,96,4.2%,53,23.7%
Rudy Gay,35.2,UTA,Forward,108,0,66.7%,47,7.5%,11,0.4%,0,0.0%
Grayson Allen,26.1,MIL,Wing,595,87,90.3%,46,5.9%,44,0.8%,71,30.8%
Patrick Beverley,33.3,MIN,Combo,404,0,70.6%,46,6.3%,27,1.1%,83,42.9%
Raul Neto,29.5,WAS,Point,366,0,63.6%,46,6.3%,63,2.0%,85,37.5%
Royce O'Neale,28.4,UTA,Wing,585,0,66.7%,46,5.9%,28,0.6%,85,42.9%
Clint Capela,27.5,ATL,Big,621,5,52.0%,46,11.0%,21,1.1%,32,17.4%
Julius Randle,26.9,NYK,Big,693,51,74.7%,45,10.9%,89,3.0%,47,20.5%
Franz Wagner,20.2,ORL,Forward,641,52,82.5%,45,7.2%,48,0.9%,77,27.8%
Mikal Bridges,25.2,PHX,Wing,668,0,84.0%,45,5.7%,43,0.8%,88,45.5%
Miles Bridges,23.6,CHA,Big,794,62,76.7%,44,10.8%,49,1.5%,56,26.2%
Stephen Curry,33.6,GSW,Point,643,100,94.2%,44,6.3%,78,2.3%,41,20.0%
Ayo Dosunmu,21.8,CHI,Wing,288,0,66.7%,44,5.6%,17,0.4%,94,60.0%
Derrick White,27.3,SAS,Combo,559,53,82.9%,44,6.3%,80,2.1%,29,15.4%
Bruce Brown,25.2,BKN,Forward,391,0,75.0%,44,7.1%,38,0.8%,92,50.0%
Taj Gibson,36.4,NYK,Big,200,0,87.5%,44,10.7%,54,1.6%,94,66.7%
Dylan Windler,25.1,CLE,Wing,156,0,75.0%,43,5.6%,5,0.3%,0,0.0%
Blake Griffin,32.6,BKN,Big,368,0,69.6%,43,10.6%,82,2.5%,88,41.7%
Kelly Oubre,25.9,CHA,Forward,587,22,69.0%,42,7.0%,66,1.2%,50,20.0%
Kristaps Porzingis,26.3,DAL,Big,390,97,89.8%,42,10.4%,78,2.4%,15,8.7%
Jordan Clarkson,29.4,UTA,Combo,482,63,85.4%,41,6.0%,54,1.4%,68,29.4%
Max Strus,25.6,MIA,Wing,249,0,58.3%,41,5.3%,9,0.4%,61,25.0%
Kemba Walker,31.5,NYK,Point,440,0,80.0%,41,5.9%,76,2.2%,29,18.2%
Al Horford,35.4,BOS,Big,515,89,84.8%,41,10.3%,55,1.6%,66,30.0%
PJ Dozier,25.0,DEN,Forward,331,0,76.9%,41,6.9%,50,1.0%,34,14.3%
Evan Fournier,29.0,NYK,Wing,573,39,76.7%,40,5.1%,39,0.8%,77,33.3%
Jaren Jackson,22.1,MEM,Big,527,95,87.3%,40,10.1%,61,1.8%,24,14.3%
Lauri Markkanen,24.4,CLE,Forward,343,91,89.7%,39,6.8%,86,2.1%,50,20.0%
LaMelo Ball,20.2,CHA,Point,722,84,89.8%,39,5.6%,71,2.2%,80,36.4%
Jordan Poole,22.4,GSW,Combo,577,95,91.1%,39,5.9%,61,1.5%,59,23.5%
Austin Reaves,23.4,LAL,Wing,204,0,100.0%,39,4.9%,57,1.1%,89,50.0%
Larry Nance Jr.,28.8,POR,Big,368,0,65.2%,39,10.1%,43,1.3%,66,30.0%
Chris Boucher,28.8,TOR,Big,254,0,68.2%,38,9.9%,31,1.2%,82,36.4%
Will Barton,30.8,DEN,Wing,570,3,66.7%,38,4.9%,79,1.6%,41,16.7%
Talen Horton-Tucker,20.9,LAL,Forward,264,0,94.4%,38,6.7%,31,0.7%,0,0.0%
LaMarcus Aldridge,36.3,BKN,Big,417,72,78.9%,37,9.7%,57,1.6%,66,30.0%
Dejounte Murray,25.1,SAS,Point,622,4,67.4%,37,5.6%,39,1.6%,49,21.1%
Michael Porter,23.3,DEN,Wing,265,0,55.6%,37,4.8%,46,0.8%,94,60.0%
Gabe Vincent,25.4,MIA,Combo,213,0,83.3%,37,5.6%,71,1.7%,0,0.0%
Danilo Gallinari,33.2,ATL,Big,357,98,90.9%,36,9.7%,81,2.4%,14,8.3%
Cedi Osman,26.6,CLE,Forward,375,0,70.8%,36,6.6%,45,0.8%,50,20.0%
Damion Lee,29.0,GSW,Wing,294,0,87.5%,35,4.6%,70,1.4%,0,0.0%
Precious Achiuwa,22.1,TOR,Big,452,7,55.2%,35,9.6%,7,0.7%,21,12.5%
Trey Murphy,21.4,NOP,Forward,279,0,90.0%,34,6.3%,34,0.7%,89,40.0%
John Collins,24.1,ATL,Big,672,69,78.6%,34,9.4%,85,2.7%,55,25.0%
Devonte' Graham,26.7,NOP,Point,580,24,78.3%,34,5.6%,32,1.3%,20,14.3%
Tyrese Haliburton,21.7,SAC,Wing,611,0,77.3%,34,4.5%,74,1.5%,77,33.3%
Malik Monk,23.7,LAL,Combo,494,0,82.6%,34,5.5%,12,0.7%,54,22.2%
Chimezie Metu,24.6,SAC,Big,198,0,76.9%,33,9.1%,1,0.2%,24,14.3%
Bryn Forbes,28.3,SAS,Wing,226,0,75.0%,33,4.5%,41,0.8%,0,0.0%
Keita Bates-Diop,25.8,SAS,Forward,176,0,100.0%,33,5.6%,5,0.3%,0,0.0%
Daniel Theis,29.6,HOU,Big,349,0,75.0%,32,9.0%,37,1.2%,36,20.0%
Jrue Holiday,31.4,MIL,Point,455,0,68.0%,32,5.0%,41,1.6%,12,9.1%
Tre Mann,20.7,OKC,Combo,111,0,66.7%,32,5.5%,5,0.4%,0,0.0%
Austin Rivers,29.3,DEN,Wing,267,0,60.0%,32,4.4%,22,0.5%,0,0.0%
Wendell Carter,22.5,ORL,Big,589,34,67.4%,31,8.9%,64,1.9%,36,20.0%
DeAndre Hunter,23.9,ATL,Forward,306,0,40.0%,31,5.2%,70,1.3%,81,33.3%
Nemanja Bjelica,33.5,GSW,Big,274,0,81.0%,31,8.8%,16,0.9%,19,11.1%
Anfernee Simons,22.4,POR,Wing,413,0,94.7%,30,4.4%,60,1.2%,30,12.5%
Otto Porter,28.4,GSW,Forward,310,0,75.0%,30,5.2%,91,2.3%,0,0.0%
PJ Washington,23.2,CHA,Big,206,0,78.6%,30,8.8%,11,0.8%,0,0.0%
Pat Connaughton,28.8,MIL,Wing,586,0,70.0%,29,4.4%,32,0.7%,83,37.5%
Derrick Rose,33.1,NYK,Point,383,0,94.1%,29,4.9%,7,0.5%,78,33.3%
Terry Rozier,27.6,CHA,Combo,548,58,85.0%,29,4.8%,59,1.5%,73,30.8%
Deandre Ayton,23.3,PHX,Big,413,0,60.0%,29,8.7%,22,1.1%,90,42.9%
Jaden McDaniels,21.1,MIN,Forward,481,0,55.6%,28,5.1%,14,0.4%,92,50.0%
Gary Trent Jr.,22.8,TOR,Wing,680,94,91.9%,28,3.7%,66,1.3%,27,9.1%
Brandon Ingram,24.2,NOP,Big,512,92,85.9%,28,8.6%,77,2.4%,28,15.4%
Xavier Tillman,22.8,MEM,Big,125,0,60.0%,27,8.6%,44,1.4%,74,33.3%
Chris Duarte,24.4,IND,Wing,583,0,66.7%,27,3.6%,78,1.6%,28,11.1%
Aaron Holiday,25.1,WAS,Combo,332,0,72.7%,27,4.7%,49,1.3%,0,0.0%
Ish Smith,33.3,CHA,Point,202,0,37.5%,27,4.9%,5,0.4%,93,50.0%
Nicolas Batum,32.9,LAC,Forward,380,0,50.0%,27,5.1%,3,0.2%,89,40.0%
Moritz Wagner,24.5,ORL,Big,176,0,56.3%,26,8.0%,73,2.3%,94,66.7%
Terence Davis,24.5,SAC,Wing,170,0,85.7%,26,3.6%,20,0.5%,0,0.0%
Jae Crowder,31.3,PHX,Forward,550,0,83.3%,25,5.0%,72,1.3%,28,12.5%
Darius Garland,21.8,CLE,Point,618,44,83.3%,24,4.9%,29,1.2%,66,28.6%
Buddy Hield,28.9,SAC,Wing,599,58,82.9%,24,3.3%,76,1.6%,48,20.0%
CJ McCollum,30.1,POR,Combo,702,11,69.4%,24,4.7%,44,1.3%,54,22.2%
Derrick Favors,30.3,OKC,Big,266,0,57.1%,24,7.7%,33,1.2%,0,0.0%
Marcus Morris,32.2,LAC,Big,143,0,83.3%,24,7.7%,5,0.6%,92,50.0%
Kelan Martin,26.2,IND,Forward,228,0,66.7%,23,4.9%,2,0.2%,50,20.0%
Matisse Thybulle,24.7,PHI,Wing,334,0,100.0%,23,3.2%,0,0.1%,0,0.0%
Carmelo Anthony,37.4,LAL,Big,635,80,81.3%,23,7.6%,25,1.1%,36,20.0%
DeAndre Jordan,33.3,LAL,Big,263,0,60.0%,22,7.6%,56,1.6%,0,0.0%
Mike Conley,34.1,UTA,Point,505,60,85.7%,22,4.8%,51,1.8%,56,22.2%
Tyler Herro,21.8,MIA,Combo,591,74,86.7%,22,4.6%,51,1.4%,46,20.0%
De'Anthony Melton,23.4,MEM,Wing,430,0,78.6%,22,3.0%,52,1.0%,0,0.0%
Dorian Finney-Smith,28.5,DAL,Forward,555,0,57.9%,22,4.8%,41,0.8%,34,14.3%
Thanasis Antetokounmpo,29.3,MIL,Big,189,0,58.3%,21,7.5%,15,0.9%,0,0.0%
Kyle Kuzma,26.3,WAS,Big,657,23,62.2%,20,7.2%,38,1.2%,29,16.7%
Devin Vassell,21.2,SAS,Forward,418,0,72.2%,20,4.8%,73,1.3%,70,25.0%
Cade Cunningham,20.1,DET,Wing,450,0,87.0%,20,2.9%,85,1.8%,0,0.0%
Gary Harris,27.1,ORL,Wing,354,0,75.0%,20,2.9%,29,0.6%,96,66.7%
Killian Hayes,20.3,DET,Point,362,0,91.7%,20,4.3%,17,0.7%,0,0.0%
Tyus Jones,25.5,MEM,Combo,311,0,77.8%,20,4.1%,41,1.2%,88,50.0%
JaMychal Green,31.4,DEN,Big,274,0,77.8%,19,7.1%,42,1.3%,0,0.0%
OG Anunoby,24.3,TOR,Forward,557,48,80.6%,19,4.7%,80,1.6%,22,7.7%
James Johnson,34.7,BKN,Big,175,0,28.6%,19,6.5%,3,0.5%,0,0.0%
Bogdan Bogdanovic,29.2,ATL,Wing,562,0,78.6%,18,2.5%,72,1.5%,84,40.0%
Oshae Brissett,23.4,IND,Big,105,0,20.0%,18,6.5%,0,0.0%,0,0.0%
Furkan Korkmaz,24.3,PHI,Forward,458,0,76.2%,17,4.4%,64,1.2%,28,12.5%
D.J. Augustin,34.0,HOU,Point,207,0,93.3%,17,4.2%,44,1.6%,0,0.0%
Aaron Nesmith,22.0,BOS,Wing,131,0,100.0%,17,2.4%,34,0.7%,0,0.0%
Coby White,21.7,CHI,Combo,123,0,33.3%,17,3.8%,0,0.0%,88,50.0%
Grant Williams,22.9,BOS,Big,442,0,90.5%,17,6.4%,36,1.2%,24,14.3%
Ziaire Williams,20.1,MEM,Wing,320,0,75.0%,16,2.2%,23,0.5%,0,0.0%
Georges Niang,28.4,PHI,Big,497,0,91.7%,16,6.3%,13,0.9%,74,33.3%
Kyle Anderson,28.1,MEM,Forward,433,0,76.5%,16,3.3%,39,0.8%,50,20.0%
Kevin Love,33.1,CLE,Big,246,100,93.1%,15,6.1%,87,2.8%,63,28.6%
Armoni Brooks,23.4,HOU,Wing,104,0,83.3%,15,2.2%,12,0.4%,0,0.0%
TJ McConnell,29.6,IND,Point,529,0,76.9%,15,4.1%,24,1.1%,90,42.9%
Davion Mitchell,23.2,SAC,Combo,507,0,59.1%,15,3.5%,17,0.8%,0,0.0%
Doug McDermott,29.8,SAS,Forward,305,0,66.7%,14,2.8%,44,0.8%,0,0.0%
Justin Holiday,32.6,IND,Wing,607,0,72.7%,13,2.1%,30,0.7%,89,50.0%
Tony Bradley,23.8,CHI,Big,208,0,80.0%,13,5.9%,20,1.1%,74,33.3%
Thaddeus Young,33.4,SAS,Big,229,0,35.7%,13,5.9%,27,1.1%,97,80.0%
Joe Ingles,34.1,UTA,Forward,484,0,88.9%,13,2.5%,16,0.5%,0,0.0%
Desmond Bane,23.4,MEM,Wing,572,0,91.7%,12,1.9%,45,0.8%,48,20.0%
Reggie Jackson,31.5,LAC,Combo,657,42,82.4%,12,3.3%,56,1.5%,39,18.2%
Jordan McLaughlin,25.6,MIN,Point,139,0,75.0%,12,3.4%,22,0.9%,0,0.0%
Juan Toscano-Anderson,28.6,GSW,Big,250,0,87.5%,12,5.5%,26,1.1%,74,33.3%
Isaiah Stewart,20.4,DET,Big,419,0,66.7%,11,5.3%,52,1.5%,74,33.3%
Luke Kennard,25.4,LAC,Wing,530,0,100.0%,11,1.9%,6,0.3%,77,33.3%
Rodney Hood,29.0,MIL,Forward,187,0,100.0%,11,2.4%,47,0.9%,0,0.0%
Mohamed Bamba,23.5,ORL,Big,581,0,68.2%,10,5.1%,51,1.5%,0,0.0%
Lonzo Ball,24.0,CHI,Point,721,0,75.0%,10,1.3%,20,0.8%,0,0.0%
Kevin Huerter,23.2,ATL,Wing,503,0,75.0%,10,1.8%,15,0.4%,0,0.0%
Isaiah Joe,22.3,PHI,Combo,101,0,100.0%,10,2.9%,7,0.5%,0,0.0%
Sterling Brown,26.7,DAL,Forward,184,0,100.0%,9,2.2%,33,0.7%,0,0.0%
Bobby Portis,26.7,MIL,Big,437,69,78.6%,9,5.1%,41,1.3%,36,20.0%
Jordan Nwora,23.1,MIL,Wing,313,0,85.7%,9,1.7%,4,0.3%,0,0.0%
Nikola Vucevic,31.0,CHI,Big,458,20,61.5%,8,4.9%,50,1.5%,18,10.0%
Aleksej Pokusevski,19.8,OKC,Forward,267,0,50.0%,8,1.9%,69,1.3%,0,0.0%
Andre Iguodala,37.8,GSW,Big,246,0,66.7%,7,4.5%,62,1.8%,0,0.0%
Jevon Carter,26.1,BKN,Wing,240,0,50.0%,7,1.6%,40,0.8%,0,0.0%
George Hill,35.5,MIL,Combo,530,0,95.2%,7,2.4%,63,1.6%,0,0.0%
Kira Lewis Jr.,20.6,NOP,Point,252,0,75.0%,7,0.9%,10,0.5%,0,0.0%
Semi Ojeleye,26.9,MIL,Big,207,0,60.0%,6,4.4%,6,0.6%,92,50.0%
Robert Covington,30.9,POR,Forward,534,0,100.0%,6,1.7%,9,0.4%,92,50.0%
Joe Harris,30.2,BKN,Wing,422,0,83.3%,6,1.6%,48,0.8%,89,50.0%
Markieff Morris,32.2,MIA,Big,175,0,100.0%,6,4.4%,18,1.0%,74,33.3%
Nah'Shon Hyland,21.1,DEN,Combo,198,0,90.0%,5,2.3%,83,2.3%,88,50.0%
Duncan Robinson,27.5,MIA,Wing,568,0,62.5%,5,1.4%,24,0.5%,96,66.7%
Dean Wade,24.9,CLE,Forward,352,0,83.3%,5,1.4%,28,0.6%,0,0.0%
Jeremiah Robinson-Earl,21.0,OKC,Big,400,0,63.6%,5,4.2%,2,0.4%,36,20.0%
Willie Cauley-Stein,28.2,DAL,Big,170,0,50.0%,4,2.8%,10,0.8%,0,0.0%
Avery Bradley,30.9,LAL,Wing,460,0,100.0%,4,1.0%,1,0.2%,0,0.0%
Maxi Kleber,29.8,DAL,Big,198,0,87.5%,3,2.0%,56,1.6%,0,0.0%
Malik Beasley,24.9,MIN,Wing,485,0,83.3%,2,0.5%,21,0.5%,0,0.0%
Monte Morris,26.3,DEN,Combo,561,0,62.5%,2,1.9%,15,0.7%,0,0.0%
PJ Tucker,36.5,MIA,Big,554,0,81.8%,2,1.0%,40,1.3%,98,100.0%
Reggie Bullock,30.6,DAL,Forward,389,0,66.7%,0,0.0%,8,0.3%,97,0.0%
Wayne Ellington,33.9,LAL,Wing,257,0,100.0%,0,0.0%,49,0.9%,99,0.0%
Danny Green,34.4,PHI,Forward,300,0,100.0%,0,0.0%,59,1.1%,97,0.0%
Danuel House,28.4,HOU,Forward,136,0,87.5%,0,0.0%,78,1.5%,97,0.0%
Patty Mills,33.2,BKN,Combo,552,0,90.9%,0,1.6%,20,0.9%,98,66.7%
Payton Pritchard,23.8,BOS,Point,132,0,0.0%,0,0.0%,2,0.3%,95,0.0%
Paul Reed,22.4,PHI,Big,118,0,0.0%,0,0.0%,24,1.1%,99,0.0%
Justin Robinson,24.1,MIL,Point,156,0,0.0%,0,0.0%,0,0.3%,95,0.0%
Rajon Rondo,35.7,LAL,Point,179,0,0.0%,0,0.0%,15,0.7%,95,0.0%
Tony Snell,30.0,POR,Wing,116,0,0.0%,0,0.0%,11,0.4%,99,0.0%
Patrick Williams,20.2,CHI,Big,123,0,100.0%,0,0.0%,9,0.7%,99,0.0%